,name,sex,category,mianownik,dopełniacz,celownik,biernik,narzędnik,miejscownik,wołacz,nominativus,genetivus,dativus,accusativus,instrumentalis,locativus,vocativus
0,Adamina,f,s,,,,,,,,,,,,,,
1,Adamina,f,pl,,,,,,,,,,,,,,
2,Adria,f,s,,,,,,,,,,,,,,
3,Adria,f,pl,,,,,,,,,,,,,,
4,Aida,f,s,,,,,,,,,,,,,,
5,Aida,f,pl,,,,,,,,,,,,,,
6,Alana,f,s,,,,,,,,,,,,,,
7,Alana,f,pl,,,,,,,,,,,,,,
8,Alberta,f,pl,,,,,,,,,,,,,,
9,Albertyna,f,s,,,,,,,,,,,,,,
10,Albertyna,f,pl,,,,,,,,,,,,,,
11,Albina,f,s,,,,,,,,,,,,,,
12,Albina,f,pl,,,,,,,,,,,,,,
13,Aleksa,f,s,,,,,,,,,,,,,,
14,Aleksa,f,pl,,,,,,,,,,,,,,
15,Alesja,f,s,,,,,,,,,,,,,,
16,Alesja,f,pl,,,,,,,,,,,,,,
17,Alia,f,s,,,,,,,,,,,,,,
18,Alia,f,pl,,,,,,,,,,,,,,
19,Alisa,f,s,,,,,,,,,,,,,,
20,Alisa,f,pl,,,,,,,,,,,,,,
21,Alojza,f,s,,,,,,,,,,,,,,
22,Alojza,f,pl,,,,,,,,,,,,,,
23,Amina,f,s,,,,,,,,,,,,,,
24,Amina,f,pl,,,,,,,,,,,,,,
25,Amira,f,s,,,,,,,,,,,,,,
26,Amira,f,pl,,,,,,,,,,,,,,
27,Angela,f,s,,,,,,,,,,,,,,
28,Angela,f,pl,,,,,,,,,,,,,,
29,Angelina,f,s,,,,,,,,,,,,,,
30,Angelina,f,pl,,,,,,,,,,,,,,
31,Anzelma,f,s,,,,,,,,,,,,,,
32,Anzelma,f,pl,,,,,,,,,,,,,,
33,Apollina,f,s,,,,,,,,,,,,,,
34,Apollina,f,pl,,,,,,,,,,,,,,
35,Arabella,f,s,,,,,,,,,,,,,,
36,Arabella,f,pl,,,,,,,,,,,,,,
37,Arletta,f,s,,,,,,,,,,,,,,
38,Arletta,f,pl,,,,,,,,,,,,,,
39,Arnolda,f,s,,,,,,,,,,,,,,
40,Arnolda,f,pl,,,,,,,,,,,,,,
41,Astryda,f,s,,,,,,,,,,,,,,
42,Astryda,f,pl,,,,,,,,,,,,,,
43,Augusta,f,s,,,,,,,,,,,,,,
44,Augusta,f,pl,,,,,,,,,,,,,,
45,Babeta,f,s,,,,,,,,,,,,,,
46,Babeta,f,pl,,,,,,,,,,,,,,
47,Bartłomieja,f,s,,,,,,,,,,,,,,
48,Bartłomieja,f,pl,,,,,,,,,,,,,,
49,Beatrycja,f,s,,,,,,,,,,,,,,
50,Beatrycja,f,pl,,,,,,,,,,,,,,
51,Beatryksa,f,s,,,,,,,,,,,,,,
52,Beatryksa,f,pl,,,,,,,,,,,,,,
53,Benedykta,f,s,,,,,,,,,,,,,,
54,Benedykta,f,pl,,,,,,,,,,,,,,
55,Beniamina,f,s,,,,,,,,,,,,,,
56,Beniamina,f,pl,,,,,,,,,,,,,,
57,Bernarda,f,s,,,,,,,,,,,,,,
58,Bernarda,f,pl,,,,,,,,,,,,,,
59,Berta,f,s,,,,,,,,,,,,,,
60,Berta,f,pl,,,,,,,,,,,,,,
61,Betina,f,s,,,,,,,,,,,,,,
62,Betina,f,pl,,,,,,,,,,,,,,
63,Blanka,f,s,,,,,,,,,,,,,,
64,Blanka,f,pl,,,,,,,,,,,,,,
65,Bogdana,f,s,,,,,,,,,,,,,,
66,Bogdana,f,pl,,,,,,,,,,,,,,
67,Bogna,f,s,,,,,,,,,,,,,,
68,Bogna,f,pl,,,,,,,,,,,,,,
69,Bogusława,f,s,,,,,,,,,,,,,,
70,Bogusława,f,pl,,,,,,,,,,,,,,
71,Bojana,f,s,,,,,,,,,,,,,,
72,Bojana,f,pl,,,,,,,,,,,,,,
73,Bolesława,f,s,,,,,,,,,,,,,,
74,Bolesława,f,pl,,,,,,,,,,,,,,
75,Bożysława,f,s,,,,,,,,,,,,,,
76,Bożysława,f,pl,,,,,,,,,,,,,,
77,Brenda,f,s,,,,,,,,,,,,,,
78,Brenda,f,pl,,,,,,,,,,,,,,
79,Bromira,f,s,,,,,,,,,,,,,,
80,Bromira,f,pl,,,,,,,,,,,,,,
81,Błażena,f,s,,,,,,,,,,,,,,
82,Błażena,f,pl,,,,,,,,,,,,,,
83,Celestia,f,s,,,,,,,,,,,,,,
84,Celestia,f,pl,,,,,,,,,,,,,,
85,Celestyna,f,s,,,,,,,,,,,,,,
86,Celestyna,f,pl,,,,,,,,,,,,,,
87,Cezaryna,f,s,,,,,,,,,,,,,,
88,Cezaryna,f,pl,,,,,,,,,,,,,,
89,Chociemira,f,s,,,,,,,,,,,,,,
90,Chociemira,f,pl,,,,,,,,,,,,,,
91,Chwalisława,f,s,,,,,,,,,,,,,,
92,Chwalisława,f,pl,,,,,,,,,,,,,,
93,Ciesława,f,s,,,,,,,,,,,,,,
94,Ciesława,f,pl,,,,,,,,,,,,,,
95,Cina,f,s,,,,,,,,,,,,,,
96,Cina,f,pl,,,,,,,,,,,,,,
97,Cinosława,f,s,,,,,,,,,,,,,,
98,Cinosława,f,pl,,,,,,,,,,,,,,
99,Dagna,f,s,,,,,,,,,,,,,,
100,Dagna,f,pl,,,,,,,,,,,,,,
101,Dajmira,f,s,,,,,,,,,,,,,,
102,Dajmira,f,pl,,,,,,,,,,,,,,
103,Dalia,f,s,,,,,,,,,,,,,,
104,Dalia,f,pl,,,,,,,,,,,,,,
105,Dalila,f,s,,,,,,,,,,,,,,
106,Dalila,f,pl,,,,,,,,,,,,,,
107,Dalmira,f,s,,,,,,,,,,,,,,
108,Dalmira,f,pl,,,,,,,,,,,,,,
109,Dargomira,f,s,,,,,,,,,,,,,,
110,Dargomira,f,pl,,,,,,,,,,,,,,
111,Dargosława,f,s,,,,,,,,,,,,,,
112,Dargosława,f,pl,,,,,,,,,,,,,,
113,Delia,f,s,,,,,,,,,,,,,,
114,Delia,f,pl,,,,,,,,,,,,,,
115,Delinda,f,s,,,,,,,,,,,,,,
116,Delinda,f,pl,,,,,,,,,,,,,,
117,Deresa,f,s,,,,,,,,,,,,,,
118,Deresa,f,pl,,,,,,,,,,,,,,
119,Desreta,f,s,,,,,,,,,,,,,,
120,Desreta,f,pl,,,,,,,,,,,,,,
121,Dilara,f,s,,,,,,,,,,,,,,
122,Dilara,f,pl,,,,,,,,,,,,,,
123,Dobiesława,f,s,,,,,,,,,,,,,,
124,Dobiesława,f,pl,,,,,,,,,,,,,,
125,Dobrochna,f,s,,,,,,,,,,,,,,
126,Dobrochna,f,pl,,,,,,,,,,,,,,
127,Domasława,f,s,,,,,,,,,,,,,,
128,Domasława,f,pl,,,,,,,,,,,,,,
129,Donata,f,s,,,,,,,,,,,,,,
130,Donata,f,pl,,,,,,,,,,,,,,
131,Dorosława,f,s,,,,,,,,,,,,,,
132,Dorosława,f,pl,,,,,,,,,,,,,,
133,Dyzma,f,s,,,,,,,,,,,,,,
134,Dyzma,f,pl,,,,,,,,,,,,,,
135,Edeltrauda,f,s,,,,,,,,,,,,,,
136,Edeltrauda,f,pl,,,,,,,,,,,,,,
137,Elena,f,s,,,,,,,,,,,,,,
138,Elena,f,pl,,,,,,,,,,,,,,
139,Eliza,f,s,,,,,,,,,,,,,,
140,Eliza,f,pl,,,,,,,,,,,,,,
141,Elmira,f,s,,,,,,,,,,,,,,
142,Elmira,f,pl,,,,,,,,,,,,,,
143,Elora,f,s,,,,,,,,,,,,,,
144,Elora,f,pl,,,,,,,,,,,,,,
145,Emanuela,f,s,,,,,,,,,,,,,,
146,Emanuela,f,pl,,,,,,,,,,,,,,
147,Emina,f,s,,,,,,,,,,,,,,
148,Emina,f,pl,,,,,,,,,,,,,,
149,Ernesta,f,s,,,,,,,,,,,,,,
150,Ernesta,f,pl,,,,,,,,,,,,,,
151,Fabia,f,s,,,,,,,,,,,,,,
152,Fabia,f,pl,,,,,,,,,,,,,,
153,Fabiana,f,s,,,,,,,,,,,,,,
154,Fabiana,f,pl,,,,,,,,,,,,,,
155,Fabiola,f,s,,,,,,,,,,,,,,
156,Fabiola,f,pl,,,,,,,,,,,,,,
157,Faria,f,s,,,,,,,,,,,,,,
158,Faria,f,pl,,,,,,,,,,,,,,
159,Farida,f,s,,,,,,,,,,,,,,
160,Farida,f,pl,,,,,,,,,,,,,,
161,Fatma,f,s,,,,,,,,,,,,,,
162,Fatma,f,pl,,,,,,,,,,,,,,
163,Felicjana,f,s,,,,,,,,,,,,,,
164,Felicjana,f,pl,,,,,,,,,,,,,,
165,Feliksa,f,s,,,,,,,,,,,,,,
166,Feliksa,f,pl,,,,,,,,,,,,,,
167,Fera,f,s,,,,,,,,,,,,,,
168,Fera,f,pl,,,,,,,,,,,,,,
169,Ferdynanda,f,s,,,,,,,,,,,,,,
170,Ferdynanda,f,pl,,,,,,,,,,,,,,
171,Filipa,f,s,,,,,,,,,,,,,,
172,Filipa,f,pl,,,,,,,,,,,,,,
173,Filipina,f,s,,,,,,,,,,,,,,
174,Filipina,f,pl,,,,,,,,,,,,,,
175,Fiona,f,s,,,,,,,,,,,,,,
176,Fiona,f,pl,,,,,,,,,,,,,,
177,Flawia,f,s,,,,,,,,,,,,,,
178,Flawia,f,pl,,,,,,,,,,,,,,
179,Floriana,f,s,,,,,,,,,,,,,,
180,Floriana,f,pl,,,,,,,,,,,,,,
181,Gerarda,f,s,,,,,,,,,,,,,,
182,Gerarda,f,pl,,,,,,,,,,,,,,
183,Gizela,f,s,,,,,,,,,,,,,,
184,Gizela,f,pl,,,,,,,,,,,,,,
185,Gloria,f,s,,,,,,,,,,,,,,
186,Gloria,f,pl,,,,,,,,,,,,,,
187,Gniewomira,f,s,,,,,,,,,,,,,,
188,Gniewomira,f,pl,,,,,,,,,,,,,,
189,Gracjana,f,s,,,,,,,,,,,,,,
190,Gracjana,f,pl,,,,,,,,,,,,,,
191,Greta,f,s,,,,,,,,,,,,,,
192,Greta,f,pl,,,,,,,,,,,,,,
193,Gryzelda,f,s,,,,,,,,,,,,,,
194,Gryzelda,f,pl,,,,,,,,,,,,,,
195,Grzymsława,f,s,,,,,,,,,,,,,,
196,Grzymsława,f,pl,,,,,,,,,,,,,,
197,Gustawa,f,s,,,,,,,,,,,,,,
198,Gustawa,f,pl,,,,,,,,,,,,,,
199,Gwidona,f,s,,,,,,,,,,,,,,
200,Gwidona,f,pl,,,,,,,,,,,,,,
201,Hadriana,f,s,,,,,,,,,,,,,,
202,Hadriana,f,pl,,,,,,,,,,,,,,
203,Henrieta,f,s,,,,,,,,,,,,,,
204,Henrieta,f,pl,,,,,,,,,,,,,,
205,Herma,f,s,,,,,,,,,,,,,,
206,Herma,f,pl,,,,,,,,,,,,,,
207,Hermana,f,s,,,,,,,,,,,,,,
208,Hermana,f,pl,,,,,,,,,,,,,,
209,Hermenegilda,f,s,,,,,,,,,,,,,,
210,Hermenegilda,f,pl,,,,,,,,,,,,,,
211,Hermina,f,s,,,,,,,,,,,,,,
212,Hermina,f,pl,,,,,,,,,,,,,,
213,Hildegarda,f,s,,,,,,,,,,,,,,
214,Hildegarda,f,pl,,,,,,,,,,,,,,
215,Hipolita,f,s,,,,,,,,,,,,,,
216,Hipolita,f,pl,,,,,,,,,,,,,,
217,Hortensja,f,s,,,,,,,,,,,,,,
218,Hortensja,f,pl,,,,,,,,,,,,,,
219,Huberta,f,s,,,,,,,,,,,,,,
220,Huberta,f,pl,,,,,,,,,,,,,,
221,Idalia,f,s,,,,,,,,,,,,,,
222,Idalia,f,pl,,,,,,,,,,,,,,
223,Idosława,f,s,,,,,,,,,,,,,,
224,Idosława,f,pl,,,,,,,,,,,,,,
225,Idzia,f,s,,,,,,,,,,,,,,
226,Idzia,f,pl,,,,,,,,,,,,,,
227,Idzisława,f,s,,,,,,,,,,,,,,
228,Idzisława,f,pl,,,,,,,,,,,,,,
229,Ildefonsa,f,s,,,,,,,,,,,,,,
230,Ildefonsa,f,pl,,,,,,,,,,,,,,
231,Ilga,f,s,,,,,,,,,,,,,,
232,Ilga,f,pl,,,,,,,,,,,,,,
233,Ilia,f,s,,,,,,,,,,,,,,
234,Ilia,f,pl,,,,,,,,,,,,,,
235,Iliana,f,s,,,,,,,,,,,,,,
236,Iliana,f,pl,,,,,,,,,,,,,,
237,Ilza,f,s,,,,,,,,,,,,,,
238,Ilza,f,pl,,,,,,,,,,,,,,
239,Ingryda,f,s,,,,,,,,,,,,,,
240,Ingryda,f,pl,,,,,,,,,,,,,,
241,Inka,f,s,,,,,,,,,,,,,,
242,Inka,f,pl,,,,,,,,,,,,,,
243,Ira,f,s,,,,,,,,,,,,,,
244,Ira,f,pl,,,,,,,,,,,,,,
245,Irina,f,s,,,,,,,,,,,,,,
246,Irina,f,pl,,,,,,,,,,,,,,
247,Iwa,f,s,,,,,,,,,,,,,,
248,Iwa,f,pl,,,,,,,,,,,,,,
249,Izabella,f,s,,,,,,,,,,,,,,
250,Izabella,f,pl,,,,,,,,,,,,,,
251,Izaura,f,s,,,,,,,,,,,,,,
252,Izaura,f,pl,,,,,,,,,,,,,,
253,Izolda,f,s,,,,,,,,,,,,,,
254,Izolda,f,pl,,,,,,,,,,,,,,
255,Izydora,f,s,,,,,,,,,,,,,,
256,Izydora,f,pl,,,,,,,,,,,,,,
257,Jana,f,s,,,,,,,,,,,,,,
258,Jana,f,pl,,,,,,,,,,,,,,
259,Jarmiła,f,s,,,,,,,,,,,,,,
260,Jarmiła,f,pl,,,,,,,,,,,,,,
261,Jaromira,f,s,,,,,,,,,,,,,,
262,Jaromira,f,pl,,,,,,,,,,,,,,
263,Jaromiła,f,s,,,,,,,,,,,,,,
264,Jaromiła,f,pl,,,,,,,,,,,,,,
265,Jarosława,f,s,,,,,,,,,,,,,,
266,Jarosława,f,pl,,,,,,,,,,,,,,
267,Jasława,f,s,,,,,,,,,,,,,,
268,Jasława,f,pl,,,,,,,,,,,,,,
269,Jaśmina,f,s,,,,,,,,,,,,,,
270,Jaśmina,f,pl,,,,,,,,,,,,,,
271,Joachima,f,s,,,,,,,,,,,,,,
272,Joachima,f,pl,,,,,,,,,,,,,,
273,Juliana,f,s,,,,,,,,,,,,,,
274,Juliana,f,pl,,,,,,,,,,,,,,
275,Julianda,f,s,,,,,,,,,,,,,,
276,Julianda,f,pl,,,,,,,,,,,,,,
277,Julianna,f,s,,,,,,,,,,,,,,
278,Julianna,f,pl,,,,,,,,,,,,,,
279,Julisława,f,s,,,,,,,,,,,,,,
280,Julisława,f,pl,,,,,,,,,,,,,,
281,Julita,f,s,,,,,,,,,,,,,,
282,Julita,f,pl,,,,,,,,,,,,,,
283,Juta,f,s,,,,,,,,,,,,,,
284,Juta,f,pl,,,,,,,,,,,,,,
285,Józefa,f,s,,,,,,,,,,,,,,
286,Józefa,f,pl,,,,,,,,,,,,,,
287,Kaja,f,s,,,,,,,,,,,,,,
288,Kaja,f,pl,,,,,,,,,,,,,,
289,Kama,f,s,,,,,,,,,,,,,,
290,Kama,f,pl,,,,,,,,,,,,,,
291,Kamira,f,s,,,,,,,,,,,,,,
292,Kamira,f,pl,,,,,,,,,,,,,,
293,Karima,f,s,,,,,,,,,,,,,,
294,Karima,f,pl,,,,,,,,,,,,,,
295,Karola,f,s,,,,,,,,,,,,,,
296,Karola,f,pl,,,,,,,,,,,,,,
297,Karyna,f,s,,,,,,,,,,,,,,
298,Karyna,f,pl,,,,,,,,,,,,,,
299,Kazimiera,f,s,,,,,,,,,,,,,,
300,Kazimiera,f,pl,,,,,,,,,,,,,,
301,Kiara,f,s,,,,,,,,,,,,,,
302,Kiara,f,pl,,,,,,,,,,,,,,
303,Kiliana,f,s,,,,,,,,,,,,,,
304,Kiliana,f,pl,,,,,,,,,,,,,,
305,Kira,f,s,,,,,,,,,,,,,,
306,Kira,f,pl,,,,,,,,,,,,,,
307,Klara,f,s,,,,,,,,,,,,,,
308,Klara,f,pl,,,,,,,,,,,,,,
309,Klaudyna,f,s,,,,,,,,,,,,,,
310,Klaudyna,f,pl,,,,,,,,,,,,,,
311,Kordula,f,s,,,,,,,,,,,,,,
312,Kordula,f,pl,,,,,,,,,,,,,,
313,Kornelia,f,s,,,,,,,,,,,,,,
314,Kornelia,f,pl,,,,,,,,,,,,,,
315,Koryna,f,s,,,,,,,,,,,,,,
316,Koryna,f,pl,,,,,,,,,,,,,,
317,Krystiana,f,s,,,,,,,,,,,,,,
318,Krystiana,f,pl,,,,,,,,,,,,,,
319,Ksawera,f,s,,,,,,,,,,,,,,
320,Ksawera,f,pl,,,,,,,,,,,,,,
321,Kunegunda,f,s,,,,,,,,,,,,,,
322,Kunegunda,f,pl,,,,,,,,,,,,,,
323,Laila,f,s,,,,,,,,,,,,,,
324,Laila,f,pl,,,,,,,,,,,,,,
325,Lajla,f,s,,,,,,,,,,,,,,
326,Lajla,f,pl,,,,,,,,,,,,,,
327,Lana,f,s,,,,,,,,,,,,,,
328,Lana,f,pl,,,,,,,,,,,,,,
329,Lara,f,s,,,,,,,,,,,,,,
330,Lara,f,pl,,,,,,,,,,,,,,
331,Larisa,f,s,,,,,,,,,,,,,,
332,Larisa,f,pl,,,,,,,,,,,,,,
333,Larysa,f,s,,,,,,,,,,,,,,
334,Larysa,f,pl,,,,,,,,,,,,,,
335,Latifa,f,s,,,,,,,,,,,,,,
336,Latifa,f,pl,,,,,,,,,,,,,,
337,Laura,f,s,,,,,,,,,,,,,,
338,Laura,f,pl,,,,,,,,,,,,,,
339,Lea,f,s,,,,,,,,,,,,,,
340,Lea,f,pl,,,,,,,,,,,,,,
341,Lejla,f,s,,,,,,,,,,,,,,
342,Lejla,f,pl,,,,,,,,,,,,,,
343,Leka,f,s,,,,,,,,,,,,,,
344,Leka,f,pl,,,,,,,,,,,,,,
345,Leokadia,f,s,,,,,,,,,,,,,,
346,Leokadia,f,pl,,,,,,,,,,,,,,
347,Leona,f,s,,,,,,,,,,,,,,
348,Leona,f,pl,,,,,,,,,,,,,,
349,Leonarda,f,s,,,,,,,,,,,,,,
350,Leonarda,f,pl,,,,,,,,,,,,,,
351,Leoncja,f,s,,,,,,,,,,,,,,
352,Leoncja,f,pl,,,,,,,,,,,,,,
353,Leonora,f,s,,,,,,,,,,,,,,
354,Leonora,f,pl,,,,,,,,,,,,,,
355,Letycja,f,s,,,,,,,,,,,,,,
356,Letycja,f,pl,,,,,,,,,,,,,,
357,Lila,f,s,,,,,,,,,,,,,,
358,Lila,f,pl,,,,,,,,,,,,,,
359,Lilia,f,s,,,,,,,,,,,,,,
360,Lilia,f,pl,,,,,,,,,,,,,,
361,Liliana,f,s,,,,,,,,,,,,,,
362,Liliana,f,pl,,,,,,,,,,,,,,
363,Lisa,f,s,,,,,,,,,,,,,,
364,Lisa,f,pl,,,,,,,,,,,,,,
365,Liwia,f,s,,,,,,,,,,,,,,
366,Liwia,f,pl,,,,,,,,,,,,,,
367,Lola,f,s,,,,,,,,,,,,,,
368,Lola,f,pl,,,,,,,,,,,,,,
369,Luborada,f,s,,,,,,,,,,,,,,
370,Luborada,f,pl,,,,,,,,,,,,,,
371,Lucjana,f,s,,,,,,,,,,,,,,
372,Lucjana,f,pl,,,,,,,,,,,,,,
373,Lucjola,f,s,,,,,,,,,,,,,,
374,Lucjola,f,pl,,,,,,,,,,,,,,
375,Lucyna,f,s,,,,,,,,,,,,,,
376,Lucyna,f,pl,,,,,,,,,,,,,,
377,Ludolfa,f,s,,,,,,,,,,,,,,
378,Ludolfa,f,pl,,,,,,,,,,,,,,
379,Ludwina,f,s,,,,,,,,,,,,,,
380,Ludwina,f,pl,,,,,,,,,,,,,,
381,Macieja,f,s,,,,,,,,,,,,,,
382,Macieja,f,pl,,,,,,,,,,,,,,
383,Maksa,f,s,,,,,,,,,,,,,,
384,Maksa,f,pl,,,,,,,,,,,,,,
385,Maksyma,f,s,,,,,,,,,,,,,,
386,Maksyma,f,pl,,,,,,,,,,,,,,
387,Malena,f,s,,,,,,,,,,,,,,
388,Malena,f,pl,,,,,,,,,,,,,,
389,Malina,f,s,,,,,,,,,,,,,,
390,Malina,f,pl,,,,,,,,,,,,,,
391,Manuela,f,s,,,,,,,,,,,,,,
392,Manuela,f,pl,,,,,,,,,,,,,,
393,Marcelina,f,s,,,,,,,,,,,,,,
394,Marcelina,f,pl,,,,,,,,,,,,,,
395,Marcjana,f,s,,,,,,,,,,,,,,
396,Marcjana,f,pl,,,,,,,,,,,,,,
397,Marcjanna,f,s,,,,,,,,,,,,,,
398,Marcjanna,f,pl,,,,,,,,,,,,,,
399,Mariam,f,s,,,,,,,,,,,,,,
400,Mariam,f,pl,,,,,,,,,,,,,,
401,Marianna,f,s,,,,,,,,,,,,,,
402,Marianna,f,pl,,,,,,,,,,,,,,
403,Marlena,f,s,,,,,,,,,,,,,,
404,Marlena,f,pl,,,,,,,,,,,,,,
405,Marta,f,s,,,,,,,,,,,,,,
406,Marta,f,pl,,,,,,,,,,,,,,
407,Marzanna,f,s,,,,,,,,,,,,,,
408,Marzanna,f,pl,,,,,,,,,,,,,,
409,Mieczysława,f,s,,,,,,,,,,,,,,
410,Mieczysława,f,pl,,,,,,,,,,,,,,
411,Milena,f,s,,,,,,,,,,,,,,
412,Milena,f,pl,,,,,,,,,,,,,,
413,Milomira,f,s,,,,,,,,,,,,,,
414,Milomira,f,pl,,,,,,,,,,,,,,
415,Mina,f,s,,,,,,,,,,,,,,
416,Mina,f,pl,,,,,,,,,,,,,,
417,Minerwa,f,s,,,,,,,,,,,,,,
418,Minerwa,f,pl,,,,,,,,,,,,,,
419,Mirabela,f,s,,,,,,,,,,,,,,
420,Mirabela,f,pl,,,,,,,,,,,,,,
421,Mirella,f,s,,,,,,,,,,,,,,
422,Mirella,f,pl,,,,,,,,,,,,,,
423,Mirka,f,s,,,,,,,,,,,,,,
424,Mirka,f,pl,,,,,,,,,,,,,,
425,Miroda,f,s,,,,,,,,,,,,,,
426,Miroda,f,pl,,,,,,,,,,,,,,
427,Mirosława,f,s,,,,,,,,,,,,,,
428,Mirosława,f,pl,,,,,,,,,,,,,,
429,Mirołada,f,s,,,,,,,,,,,,,,
430,Mirołada,f,pl,,,,,,,,,,,,,,
431,Miłowita,f,s,,,,,,,,,,,,,,
432,Miłowita,f,pl,,,,,,,,,,,,,,
433,Mojmira,f,s,,,,,,,,,,,,,,
434,Mojmira,f,pl,,,,,,,,,,,,,,
435,Mojra,f,s,,,,,,,,,,,,,,
436,Mojra,f,pl,,,,,,,,,,,,,,
437,Najmiła,f,s,,,,,,,,,,,,,,
438,Najmiła,f,pl,,,,,,,,,,,,,,
439,Najsława,f,s,,,,,,,,,,,,,,
440,Najsława,f,pl,,,,,,,,,,,,,,
441,Narcyza,f,s,,,,,,,,,,,,,,
442,Narcyza,f,pl,,,,,,,,,,,,,,
443,Nela,f,s,,,,,,,,,,,,,,
444,Nela,f,pl,,,,,,,,,,,,,,
445,Nika,f,s,,,,,,,,,,,,,,
446,Nika,f,pl,,,,,,,,,,,,,,
447,Nikodema,f,s,,,,,,,,,,,,,,
448,Nikodema,f,pl,,,,,,,,,,,,,,
449,Nikoleta,f,s,,,,,,,,,,,,,,
450,Nikoleta,f,pl,,,,,,,,,,,,,,
451,Nikolina,f,s,,,,,,,,,,,,,,
452,Nikolina,f,pl,,,,,,,,,,,,,,
453,Nina,f,s,,,,,,,,,,,,,,
454,Nina,f,pl,,,,,,,,,,,,,,
455,Nira,f,s,,,,,,,,,,,,,,
456,Nira,f,pl,,,,,,,,,,,,,,
457,Nita,f,s,,,,,,,,,,,,,,
458,Nita,f,pl,,,,,,,,,,,,,,
459,Nitara,f,s,,,,,,,,,,,,,,
460,Nitara,f,pl,,,,,,,,,,,,,,
461,Norberta,f,s,,,,,,,,,,,,,,
462,Norberta,f,pl,,,,,,,,,,,,,,
463,Norma,f,s,,,,,,,,,,,,,,
464,Norma,f,pl,,,,,,,,,,,,,,
465,Oda,f,s,,,,,,,,,,,,,,
466,Oda,f,pl,,,,,,,,,,,,,,
467,Odeta,f,s,,,,,,,,,,,,,,
468,Odeta,f,pl,,,,,,,,,,,,,,
469,Odyla,f,s,,,,,,,,,,,,,,
470,Odyla,f,pl,,,,,,,,,,,,,,
471,Oksana,f,s,,,,,,,,,,,,,,
472,Oksana,f,pl,,,,,,,,,,,,,,
473,Ola,f,s,,,,,,,,,,,,,,
474,Ola,f,pl,,,,,,,,,,,,,,
475,Olena,f,s,,,,,,,,,,,,,,
476,Olena,f,pl,,,,,,,,,,,,,,
477,Oliwia,f,s,,,,,,,,,,,,,,
478,Oliwia,f,pl,,,,,,,,,,,,,,
479,Ota,f,s,,,,,,,,,,,,,,
480,Ota,f,pl,,,,,,,,,,,,,,
481,Otylia,f,s,,,,,,,,,,,,,,
482,Otylia,f,pl,,,,,,,,,,,,,,
483,Pabiana,f,s,,,,,,,,,,,,,,
484,Pabiana,f,pl,,,,,,,,,,,,,,
485,Pamela,f,s,,,,,,,,,,,,,,
486,Pamela,f,pl,,,,,,,,,,,,,,
487,Paula,f,s,,,,,,,,,,,,,,
488,Paula,f,pl,,,,,,,,,,,,,,
489,Paulina,f,s,,,,,,,,,,,,,,
490,Paulina,f,pl,,,,,,,,,,,,,,
491,Placyda,f,s,,,,,,,,,,,,,,
492,Placyda,f,pl,,,,,,,,,,,,,,
493,Pola,f,s,,,,,,,,,,,,,,
494,Pola,f,pl,,,,,,,,,,,,,,
495,Polianna,f,s,,,,,,,,,,,,,,
496,Polianna,f,pl,,,,,,,,,,,,,,
497,Polmira,f,s,,,,,,,,,,,,,,
498,Polmira,f,pl,,,,,,,,,,,,,,
499,Przemysława,f,s,,,,,,,,,,,,,,
500,Przemysława,f,pl,,,,,,,,,,,,,,
501,Przybysława,f,s,,,,,,,,,,,,,,
502,Przybysława,f,pl,,,,,,,,,,,,,,
503,Rachela,f,s,,,,,,,,,,,,,,
504,Rachela,f,pl,,,,,,,,,,,,,,
505,Radmiła,f,s,,,,,,,,,,,,,,
506,Radmiła,f,pl,,,,,,,,,,,,,,
507,Radomira,f,s,,,,,,,,,,,,,,
508,Radomira,f,pl,,,,,,,,,,,,,,
509,Radomiła,f,s,,,,,,,,,,,,,,
510,Radomiła,f,pl,,,,,,,,,,,,,,
511,Radosława,f,s,,,,,,,,,,,,,,
512,Radosława,f,pl,,,,,,,,,,,,,,
513,Rajmunda,f,s,,,,,,,,,,,,,,
514,Rajmunda,f,pl,,,,,,,,,,,,,,
515,Rajna,f,s,,,,,,,,,,,,,,
516,Rajna,f,pl,,,,,,,,,,,,,,
517,Ramona,f,s,,,,,,,,,,,,,,
518,Ramona,f,pl,,,,,,,,,,,,,,
519,Raszyda,f,s,,,,,,,,,,,,,,
520,Raszyda,f,pl,,,,,,,,,,,,,,
521,Rebeka,f,s,,,,,,,,,,,,,,
522,Rebeka,f,pl,,,,,,,,,,,,,,
523,Rejna,f,s,,,,,,,,,,,,,,
524,Rejna,f,pl,,,,,,,,,,,,,,
525,Remigia,f,s,,,,,,,,,,,,,,
526,Remigia,f,pl,,,,,,,,,,,,,,
527,Rodzisława,f,s,,,,,,,,,,,,,,
528,Rodzisława,f,pl,,,,,,,,,,,,,,
529,Romana,f,s,,,,,,,,,,,,,,
530,Romana,f,pl,,,,,,,,,,,,,,
531,Romualda,f,s,,,,,,,,,,,,,,
532,Romualda,f,pl,,,,,,,,,,,,,,
533,Rozalinda,f,s,,,,,,,,,,,,,,
534,Rozalinda,f,pl,,,,,,,,,,,,,,
535,Rozamunda,f,s,,,,,,,,,,,,,,
536,Rozamunda,f,pl,,,,,,,,,,,,,,
537,Rozetta,f,s,,,,,,,,,,,,,,
538,Rozetta,f,pl,,,,,,,,,,,,,,
539,Rozwita,f,s,,,,,,,,,,,,,,
540,Rozwita,f,pl,,,,,,,,,,,,,,
541,Rudolfina,f,s,,,,,,,,,,,,,,
542,Rudolfina,f,pl,,,,,,,,,,,,,,
543,Rut,f,s,,,,,,,,,,,,,,
544,Rut,f,pl,,,,,,,,,,,,,,
545,Ruta,f,s,,,,,,,,,,,,,,
546,Ruta,f,pl,,,,,,,,,,,,,,
547,Saba,f,s,,,,,,,,,,,,,,
548,Saba,f,pl,,,,,,,,,,,,,,
549,Sabina,f,s,,,,,,,,,,,,,,
550,Sabina,f,pl,,,,,,,,,,,,,,
551,Sabrina,f,s,,,,,,,,,,,,,,
552,Sabrina,f,pl,,,,,,,,,,,,,,
553,Saloma,f,s,,,,,,,,,,,,,,
554,Saloma,f,pl,,,,,,,,,,,,,,
555,Samanta,f,s,,,,,,,,,,,,,,
556,Samanta,f,pl,,,,,,,,,,,,,,
557,Samara,f,s,,,,,,,,,,,,,,
558,Samara,f,pl,,,,,,,,,,,,,,
559,Sebastiana,f,s,,,,,,,,,,,,,,
560,Sebastiana,f,pl,,,,,,,,,,,,,,
561,Selma,f,s,,,,,,,,,,,,,,
562,Selma,f,pl,,,,,,,,,,,,,,
563,Semira,f,s,,,,,,,,,,,,,,
564,Semira,f,pl,,,,,,,,,,,,,,
565,Serafina,f,s,,,,,,,,,,,,,,
566,Serafina,f,pl,,,,,,,,,,,,,,
567,Seweryna,f,s,,,,,,,,,,,,,,
568,Seweryna,f,pl,,,,,,,,,,,,,,
569,Sobiesława,f,s,,,,,,,,,,,,,,
570,Sobiesława,f,pl,,,,,,,,,,,,,,
571,Sonia,f,s,,,,,,,,,,,,,,
572,Sonia,f,pl,,,,,,,,,,,,,,
573,Sora,f,s,,,,,,,,,,,,,,
574,Sora,f,pl,,,,,,,,,,,,,,
575,Stamira,f,s,,,,,,,,,,,,,,
576,Stamira,f,pl,,,,,,,,,,,,,,
577,Stanisława,f,s,,,,,,,,,,,,,,
578,Stanisława,f,pl,,,,,,,,,,,,,,
579,Stoisława,f,s,,,,,,,,,,,,,,
580,Stoisława,f,pl,,,,,,,,,,,,,,
581,Strzeżymira,f,s,,,,,,,,,,,,,,
582,Strzeżymira,f,pl,,,,,,,,,,,,,,
583,Subisława,f,s,,,,,,,,,,,,,,
584,Subisława,f,pl,,,,,,,,,,,,,,
585,Sulima,f,s,,,,,,,,,,,,,,
586,Sulima,f,pl,,,,,,,,,,,,,,
587,Sulisława,f,s,,,,,,,,,,,,,,
588,Sulisława,f,pl,,,,,,,,,,,,,,
589,Sybilla,f,s,,,,,,,,,,,,,,
590,Sybilla,f,pl,,,,,,,,,,,,,,
591,Sylwana,f,s,,,,,,,,,,,,,,
592,Sylwana,f,pl,,,,,,,,,,,,,,
593,Sylwia,f,s,,,,,,,,,,,,,,
594,Sylwia,f,pl,,,,,,,,,,,,,,
595,Szarlota,f,s,,,,,,,,,,,,,,
596,Szarlota,f,pl,,,,,,,,,,,,,,
597,Szymona,f,s,,,,,,,,,,,,,,
598,Szymona,f,pl,,,,,,,,,,,,,,
599,Sędomira,f,s,,,,,,,,,,,,,,
600,Sędomira,f,pl,,,,,,,,,,,,,,
601,Sędzisława,f,s,,,,,,,,,,,,,,
602,Sędzisława,f,pl,,,,,,,,,,,,,,
603,Sławina,f,s,,,,,,,,,,,,,,
604,Sławina,f,pl,,,,,,,,,,,,,,
605,Sławomira,f,s,,,,,,,,,,,,,,
606,Sławomira,f,pl,,,,,,,,,,,,,,
607,Tabita,f,s,,,,,,,,,,,,,,
608,Tabita,f,pl,,,,,,,,,,,,,,
609,Tacjana,f,s,,,,,,,,,,,,,,
610,Tacjana,f,pl,,,,,,,,,,,,,,
611,Tadea,f,s,,,,,,,,,,,,,,
612,Tadea,f,pl,,,,,,,,,,,,,,
613,Telimena,f,pl,,,,,,,,,,,,,,
614,Teodora,f,s,,,,,,,,,,,,,,
615,Teodora,f,pl,,,,,,,,,,,,,,
616,Teodozja,f,s,,,,,,,,,,,,,,
617,Teodozja,f,pl,,,,,,,,,,,,,,
618,Teresa,f,s,,,,,,,,,,,,,,
619,Teresa,f,pl,,,,,,,,,,,,,,
620,Tessa,f,s,,,,,,,,,,,,,,
621,Tessa,f,pl,,,,,,,,,,,,,,
622,Tina,f,s,,,,,,,,,,,,,,
623,Tina,f,pl,,,,,,,,,,,,,,
624,Tola,f,s,,,,,,,,,,,,,,
625,Tola,f,pl,,,,,,,,,,,,,,
626,Tolisława,f,s,,,,,,,,,,,,,,
627,Tolisława,f,pl,,,,,,,,,,,,,,
628,Tomisława,f,s,,,,,,,,,,,,,,
629,Tomisława,f,pl,,,,,,,,,,,,,,
630,Tomiła,f,s,,,,,,,,,,,,,,
631,Tomiła,f,pl,,,,,,,,,,,,,,
632,Tulimira,f,s,,,,,,,,,,,,,,
633,Tulimira,f,pl,,,,,,,,,,,,,,
634,Tybilla,f,s,,,,,,,,,,,,,,
635,Tybilla,f,pl,,,,,,,,,,,,,,
636,Tybita,f,s,,,,,,,,,,,,,,
637,Tybita,f,pl,,,,,,,,,,,,,,
638,Tymora,f,s,,,,,,,,,,,,,,
639,Tymora,f,pl,,,,,,,,,,,,,,
640,Tyria,f,s,,,,,,,,,,,,,,
641,Tyria,f,pl,,,,,,,,,,,,,,
642,Tęgomira,f,s,,,,,,,,,,,,,,
643,Tęgomira,f,pl,,,,,,,,,,,,,,
644,Ula,f,s,,,,,,,,,,,,,,
645,Ula,f,pl,,,,,,,,,,,,,,
646,Ulana,f,s,,,,,,,,,,,,,,
647,Ulana,f,pl,,,,,,,,,,,,,,
648,Ulryka,f,s,,,,,,,,,,,,,,
649,Ulryka,f,pl,,,,,,,,,,,,,,
650,Unima,f,s,,,,,,,,,,,,,,
651,Unima,f,pl,,,,,,,,,,,,,,
652,Uta,f,s,,,,,,,,,,,,,,
653,Uta,f,pl,,,,,,,,,,,,,,
654,Wacława,f,s,,,,,,,,,,,,,,
655,Wacława,f,pl,,,,,,,,,,,,,,
656,Walentyna,f,s,,,,,,,,,,,,,,
657,Walentyna,f,pl,,,,,,,,,,,,,,
658,Wanessa,f,s,,,,,,,,,,,,,,
659,Wanessa,f,pl,,,,,,,,,,,,,,
660,Weridiana,f,s,,,,,,,,,,,,,,
661,Weridiana,f,pl,,,,,,,,,,,,,,
662,Wierzchosława,f,s,,,,,,,,,,,,,,
663,Wierzchosława,f,pl,,,,,,,,,,,,,,
664,Wiesława,f,s,,,,,,,,,,,,,,
665,Wiesława,f,pl,,,,,,,,,,,,,,
666,Wiktoryna,f,s,,,,,,,,,,,,,,
667,Wiktoryna,f,pl,,,,,,,,,,,,,,
668,Wilgofarta,f,s,,,,,,,,,,,,,,
669,Wilgofarta,f,pl,,,,,,,,,,,,,,
670,Wincentyna,f,s,,,,,,,,,,,,,,
671,Wincentyna,f,pl,,,,,,,,,,,,,,
672,Wioletta,f,s,,,,,,,,,,,,,,
673,Wioletta,f,pl,,,,,,,,,,,,,,
674,Wirgilia,f,s,,,,,,,,,,,,,,
675,Wirgilia,f,pl,,,,,,,,,,,,,,
676,Wirginia,f,s,,,,,,,,,,,,,,
677,Wirginia,f,pl,,,,,,,,,,,,,,
678,Witosława,f,s,,,,,,,,,,,,,,
679,Witosława,f,pl,,,,,,,,,,,,,,
680,Wiwiana,f,s,,,,,,,,,,,,,,
681,Wiwiana,f,pl,,,,,,,,,,,,,,
682,Wolimira,f,s,,,,,,,,,,,,,,
683,Wolimira,f,pl,,,,,,,,,,,,,,
684,Wrocisława,f,s,,,,,,,,,,,,,,
685,Wrocisława,f,pl,,,,,,,,,,,,,,
686,Włodzimiera,f,s,,,,,,,,,,,,,,
687,Włodzimiera,f,pl,,,,,,,,,,,,,,
688,Zaida,f,s,,,,,,,,,,,,,,
689,Zaida,f,pl,,,,,,,,,,,,,,
690,Zaira,f,s,,,,,,,,,,,,,,
691,Zaira,f,pl,,,,,,,,,,,,,,
692,Zdzisława,f,s,,,,,,,,,,,,,,
693,Zdzisława,f,pl,,,,,,,,,,,,,,
694,Zenobia,f,s,,,,,,,,,,,,,,
695,Zenobia,f,pl,,,,,,,,,,,,,,
696,Zenona,f,s,,,,,,,,,,,,,,
697,Zenona,f,pl,,,,,,,,,,,,,,
698,Zoja,f,s,,,,,,,,,,,,,,
699,Zoja,f,pl,,,,,,,,,,,,,,
700,Zwinisława,f,s,,,,,,,,,,,,,,
701,Zwinisława,f,pl,,,,,,,,,,,,,,
702,Zygfryda,f,s,,,,,,,,,,,,,,
703,Zygfryda,f,pl,,,,,,,,,,,,,,
704,Zyta,f,s,,,,,,,,,,,,,,
705,Zyta,f,pl,,,,,,,,,,,,,,
706,Ładysława,f,s,,,,,,,,,,,,,,
707,Ładysława,f,pl,,,,,,,,,,,,,,
708,Łagoda,f,s,,,,,,,,,,,,,,
709,Łagoda,f,pl,,,,,,,,,,,,,,
710,Świetlana,f,s,,,,,,,,,,,,,,
711,Świetlana,f,pl,,,,,,,,,,,,,,
712,Świętomira,f,s,,,,,,,,,,,,,,
713,Świętomira,f,pl,,,,,,,,,,,,,,
714,Świętosława,f,s,,,,,,,,,,,,,,
715,Świętosława,f,pl,,,,,,,,,,,,,,
716,Żaklina,f,s,,,,,,,,,,,,,,
717,Żaklina,f,pl,,,,,,,,,,,,,,
718,Żanna,f,s,,,,,,,,,,,,,,
719,Żanna,f,pl,,,,,,,,,,,,,,
720,Żelisława,f,s,,,,,,,,,,,,,,
721,Żelisława,f,pl,,,,,,,,,,,,,,
722,Żużanna,f,s,,,,,,,,,,,,,,
723,Żużanna,f,pl,,,,,,,,,,,,,,
724,Żywia,f,s,,,,,,,,,,,,,,
725,Żywia,f,pl,,,,,,,,,,,,,,
726,Żywisława,f,s,,,,,,,,,,,,,,
727,Żywisława,f,pl,,,,,,,,,,,,,,
728,Adelard,m,s,,,,,,,,,,,,,,
729,Adelard,m,pl,,,,,,,,,,,,,,
730,Adnan,m,s,,,,,,,,,,,,,,
731,Adnan,m,pl,,,,,,,,,,,,,,
732,Agrypin,m,s,,,,,,,,,,,,,,
733,Agrypin,m,pl,,,,,,,,,,,,,,
734,Ajdin,m,s,,,,,,,,,,,,,,
735,Ajdin,m,pl,,,,,,,,,,,,,,
736,Albrecht,m,s,,,,,,,,,,,,,,
737,Albrecht,m,pl,,,,,,,,,,,,,,
738,Aleks,m,s,,,,,,,,,,,,,,
739,Aleks,m,pl,,,,,,,,,,,,,,
740,Alwin,m,s,,,,,,,,,,,,,,
741,Alwin,m,pl,,,,,,,,,,,,,,
742,Antonius,m,s,,,,,,,,,,,,,,
743,Antonius,m,pl,,,,,,,,,,,,,,
744,Apolinary,m,s,,,,,,,,,,,,,,
745,Apolinary,m,pl,,,,,,,,,,,,,,
746,Apoloniusz,m,s,,,,,,,,,,,,,,
747,Apoloniusz,m,pl,,,,,,,,,,,,,,
748,Baldwin,m,s,,,,,,,,,,,,,,
749,Baldwin,m,pl,,,,,,,,,,,,,,
750,Barnim,m,s,,,,,,,,,,,,,,
751,Barnim,m,pl,,,,,,,,,,,,,,
752,Beat,m,s,,,,,,,,,,,,,,
753,Beat,m,pl,,,,,,,,,,,,,,
754,Bert,m,s,,,,,,,,,,,,,,
755,Bert,m,pl,,,,,,,,,,,,,,
756,Bodosław,m,s,,,,,,,,,,,,,,
757,Bodosław,m,pl,,,,,,,,,,,,,,
758,Bogdał,m,s,,,,,,,,,,,,,,
759,Bogdał,m,pl,,,,,,,,,,,,,,
760,Bogumir,m,s,,,,,,,,,,,,,,
761,Bogumir,m,pl,,,,,,,,,,,,,,
762,Bogumił,m,s,,,,,,,,,,,,,,
763,Bogumił,m,pl,,,,,,,,,,,,,,
764,Bogusz,m,s,,,,,,,,,,,,,,
765,Bogusz,m,pl,,,,,,,,,,,,,,
766,Bogusław,m,s,,,,,,,,,,,,,,
767,Bogusław,m,pl,,,,,,,,,,,,,,
768,Bolebor,m,s,,,,,,,,,,,,,,
769,Bolebor,m,pl,,,,,,,,,,,,,,
770,Bolelut,m,s,,,,,,,,,,,,,,
771,Bolelut,m,pl,,,,,,,,,,,,,,
772,Borysław,m,s,,,,,,,,,,,,,,
773,Borysław,m,pl,,,,,,,,,,,,,,
774,Borzywoj,m,s,,,,,,,,,,,,,,
775,Borzywoj,m,pl,,,,,,,,,,,,,,
776,Bożan,m,s,,,,,,,,,,,,,,
777,Bożan,m,pl,,,,,,,,,,,,,,
778,Bożidar,m,s,,,,,,,,,,,,,,
779,Bożidar,m,pl,,,,,,,,,,,,,,
780,Bożimir,m,s,,,,,,,,,,,,,,
781,Bożimir,m,pl,,,,,,,,,,,,,,
782,Bromir,m,s,,,,,,,,,,,,,,
783,Bromir,m,pl,,,,,,,,,,,,,,
784,Budzisław,m,s,,,,,,,,,,,,,,
785,Budzisław,m,pl,,,,,,,,,,,,,,
786,Cecyl,m,s,,,,,,,,,,,,,,
787,Cecyl,m,pl,,,,,,,,,,,,,,
788,Cezar,m,s,,,,,,,,,,,,,,
789,Cezar,m,pl,,,,,,,,,,,,,,
790,Chociemir,m,s,,,,,,,,,,,,,,
791,Chociemir,m,pl,,,,,,,,,,,,,,
792,Chrystian,m,s,,,,,,,,,,,,,,
793,Chrystian,m,pl,,,,,,,,,,,,,,
794,Chwalibóg,m,s,,,,,,,,,,,,,,
795,Chwalibóg,m,pl,,,,,,,,,,,,,,
796,Chwalimir,m,s,,,,,,,,,,,,,,
797,Chwalimir,m,pl,,,,,,,,,,,,,,
798,Chwalisław,m,s,,,,,,,,,,,,,,
799,Chwalisław,m,pl,,,,,,,,,,,,,,
800,Cichosław,m,s,,,,,,,,,,,,,,
801,Cichosław,m,pl,,,,,,,,,,,,,,
802,Cyprian,m,s,,,,,,,,,,,,,,
803,Cyprian,m,pl,,,,,,,,,,,,,,
804,Czesław,m,s,,,,,,,,,,,,,,
805,Czesław,m,pl,,,,,,,,,,,,,,
806,Dajmir,m,s,,,,,,,,,,,,,,
807,Dajmir,m,pl,,,,,,,,,,,,,,
808,Dal,m,s,,,,,,,,,,,,,,
809,Dal,m,pl,,,,,,,,,,,,,,
810,Dalbor,m,s,,,,,,,,,,,,,,
811,Dalbor,m,pl,,,,,,,,,,,,,,
812,Dalgur,m,s,,,,,,,,,,,,,,
813,Dalgur,m,pl,,,,,,,,,,,,,,
814,Damazy,m,s,,,,,,,,,,,,,,
815,Damazy,m,pl,,,,,,,,,,,,,,
816,Danisław,m,s,,,,,,,,,,,,,,
817,Danisław,m,pl,,,,,,,,,,,,,,
818,Danko,m,s,,,,,,,,,,,,,,
819,Danko,m,pl,,,,,,,,,,,,,,
820,Dargomir,m,s,,,,,,,,,,,,,,
821,Dargomir,m,pl,,,,,,,,,,,,,,
822,Dargosław,m,s,,,,,,,,,,,,,,
823,Dargosław,m,pl,,,,,,,,,,,,,,
824,Darwit,m,s,,,,,,,,,,,,,,
825,Darwit,m,pl,,,,,,,,,,,,,,
826,Denis,m,s,,,,,,,,,,,,,,
827,Denis,m,pl,,,,,,,,,,,,,,
828,Derwit,m,s,,,,,,,,,,,,,,
829,Derwit,m,pl,,,,,,,,,,,,,,
830,Dobiesław,m,s,,,,,,,,,,,,,,
831,Dobiesław,m,pl,,,,,,,,,,,,,,
832,Dobrogost,m,s,,,,,,,,,,,,,,
833,Dobrogost,m,pl,,,,,,,,,,,,,,
834,Domasław,m,s,,,,,,,,,,,,,,
835,Domasław,m,pl,,,,,,,,,,,,,,
836,Donald,m,s,,,,,,,,,,,,,,
837,Donald,m,pl,,,,,,,,,,,,,,
838,Duszan,m,s,,,,,,,,,,,,,,
839,Duszan,m,pl,,,,,,,,,,,,,,
840,Dyter,m,s,,,,,,,,,,,,,,
841,Dyter,m,pl,,,,,,,,,,,,,,
842,Dzwonimierz,m,s,,,,,,,,,,,,,,
843,Dzwonimierz,m,pl,,,,,,,,,,,,,,
844,Dżamil,m,s,,,,,,,,,,,,,,
845,Dżamil,m,pl,,,,,,,,,,,,,,
846,Dżan,m,s,,,,,,,,,,,,,,
847,Dżan,m,pl,,,,,,,,,,,,,,
848,Dżem,m,s,,,,,,,,,,,,,,
849,Dżem,m,pl,,,,,,,,,,,,,,
850,Dżemil,m,s,,,,,,,,,,,,,,
851,Dżemil,m,pl,,,,,,,,,,,,,,
852,Edwin,m,s,,,,,,,,,,,,,,
853,Edwin,m,pl,,,,,,,,,,,,,,
854,Eliot,m,s,,,,,,,,,,,,,,
855,Eliot,m,pl,,,,,,,,,,,,,,
856,Erazm,m,s,,,,,,,,,,,,,,
857,Erazm,m,pl,,,,,,,,,,,,,,
858,Ewald,m,s,,,,,,,,,,,,,,
859,Ewald,m,pl,,,,,,,,,,,,,,
860,Famian,m,s,,,,,,,,,,,,,,
861,Famian,m,pl,,,,,,,,,,,,,,
862,Farid,m,s,,,,,,,,,,,,,,
863,Farid,m,pl,,,,,,,,,,,,,,
864,Faris,m,s,,,,,,,,,,,,,,
865,Faris,m,pl,,,,,,,,,,,,,,
866,Fortunat,m,s,,,,,,,,,,,,,,
867,Fortunat,m,pl,,,,,,,,,,,,,,
868,Gabor,m,s,,,,,,,,,,,,,,
869,Gabor,m,pl,,,,,,,,,,,,,,
870,Gaj,m,s,,,,,,,,,,,,,,
871,Gaj,m,pl,,,,,,,,,,,,,,
872,Gardomir,m,s,,,,,,,,,,,,,,
873,Gardomir,m,pl,,,,,,,,,,,,,,
874,Gerard,m,s,,,,,,,,,,,,,,
875,Gerard,m,pl,,,,,,,,,,,,,,
876,Ginter,m,s,,,,,,,,,,,,,,
877,Ginter,m,pl,,,,,,,,,,,,,,
878,Gniewomir,m,s,,,,,,,,,,,,,,
879,Gniewomir,m,pl,,,,,,,,,,,,,,
880,Gniewosz,m,s,,,,,,,,,,,,,,
881,Gniewosz,m,pl,,,,,,,,,,,,,,
882,Godfryg,m,s,,,,,,,,,,,,,,
883,Godfryg,m,pl,,,,,,,,,,,,,,
884,Godzisław,m,s,,,,,,,,,,,,,,
885,Godzisław,m,pl,,,,,,,,,,,,,,
886,Gościsław,m,s,,,,,,,,,,,,,,
887,Gościsław,m,pl,,,,,,,,,,,,,,
888,Grodzisław,m,s,,,,,,,,,,,,,,
889,Grodzisław,m,pl,,,,,,,,,,,,,,
890,Grzymisław,m,s,,,,,,,,,,,,,,
891,Grzymisław,m,pl,,,,,,,,,,,,,,
892,Gwalbert,m,s,,,,,,,,,,,,,,
893,Gwalbert,m,pl,,,,,,,,,,,,,,
894,Gwido,m,s,,,,,,,,,,,,,,
895,Gwido,m,pl,,,,,,,,,,,,,,
896,Gwidon,m,s,,,,,,,,,,,,,,
897,Gwidon,m,pl,,,,,,,,,,,,,,
898,Hasan,m,s,,,,,,,,,,,,,,
899,Hasan,m,pl,,,,,,,,,,,,,,
900,Hektor,m,s,,,,,,,,,,,,,,
901,Hektor,m,pl,,,,,,,,,,,,,,
902,Heliodor,m,s,,,,,,,,,,,,,,
903,Heliodor,m,pl,,,,,,,,,,,,,,
904,Henio,m,s,,,,,,,,,,,,,,
905,Henio,m,pl,,,,,,,,,,,,,,
906,Herakles,m,s,,,,,,,,,,,,,,
907,Herakles,m,pl,,,,,,,,,,,,,,
908,Herman,m,s,,,,,,,,,,,,,,
909,Herman,m,pl,,,,,,,,,,,,,,
910,Hipolit,m,s,,,,,,,,,,,,,,
911,Hipolit,m,pl,,,,,,,,,,,,,,
912,Honorat,m,s,,,,,,,,,,,,,,
913,Honorat,m,pl,,,,,,,,,,,,,,
914,Hubert,m,s,,,,,,,,,,,,,,
915,Hubert,m,pl,,,,,,,,,,,,,,
916,Husajn,m,s,,,,,,,,,,,,,,
917,Husajn,m,pl,,,,,,,,,,,,,,
918,Inocenty,m,s,,,,,,,,,,,,,,
919,Inocenty,m,pl,,,,,,,,,,,,,,
920,Iwan,m,s,,,,,,,,,,,,,,
921,Iwan,m,pl,,,,,,,,,,,,,,
922,Iwon,m,s,,,,,,,,,,,,,,
923,Iwon,m,pl,,,,,,,,,,,,,,
924,Jacenty,m,s,,,,,,,,,,,,,,
925,Jacenty,m,pl,,,,,,,,,,,,,,
926,January,m,s,,,,,,,,,,,,,,
927,January,m,pl,,,,,,,,,,,,,,
928,Jarad,m,s,,,,,,,,,,,,,,
929,Jarad,m,pl,,,,,,,,,,,,,,
930,Jarema,m,s,,,,,,,,,,,,,,
931,Jarema,m,pl,,,,,,,,,,,,,,
932,Jaropełk,m,s,,,,,,,,,,,,,,
933,Jaropełk,m,pl,,,,,,,,,,,,,,
934,Jarowit,m,s,,,,,,,,,,,,,,
935,Jarowit,m,pl,,,,,,,,,,,,,,
936,Jeremi,m,s,,,,,,,,,,,,,,
937,Jeremi,m,pl,,,,,,,,,,,,,,
938,Jona,m,s,,,,,,,,,,,,,,
939,Jona,m,pl,,,,,,,,,,,,,,
940,Julian,m,s,,,,,,,,,,,,,,
941,Julian,m,pl,,,,,,,,,,,,,,
942,Juri,m,s,,,,,,,,,,,,,,
943,Juri,m,pl,,,,,,,,,,,,,,
944,Justynian,m,s,,,,,,,,,,,,,,
945,Justynian,m,pl,,,,,,,,,,,,,,
946,Józefat,m,s,,,,,,,,,,,,,,
947,Józefat,m,pl,,,,,,,,,,,,,,
948,Kajfasz,m,s,,,,,,,,,,,,,,
949,Kajfasz,m,pl,,,,,,,,,,,,,,
950,Kanimir,m,s,,,,,,,,,,,,,,
951,Kanimir,m,pl,,,,,,,,,,,,,,
952,Kasjusz,m,s,,,,,,,,,,,,,,
953,Kasjusz,m,pl,,,,,,,,,,,,,,
954,Kasper,m,s,,,,,,,,,,,,,,
955,Kasper,m,pl,,,,,,,,,,,,,,
956,Kemal,m,s,,,,,,,,,,,,,,
957,Kemal,m,pl,,,,,,,,,,,,,,
958,Kilian,m,s,,,,,,,,,,,,,,
959,Kilian,m,pl,,,,,,,,,,,,,,
960,Klaudiusz,m,s,,,,,,,,,,,,,,
961,Klaudiusz,m,pl,,,,,,,,,,,,,,
962,Kochan,m,s,,,,,,,,,,,,,,
963,Kochan,m,pl,,,,,,,,,,,,,,
964,Konradyn,m,s,,,,,,,,,,,,,,
965,Konradyn,m,pl,,,,,,,,,,,,,,
966,Korneli,m,s,,,,,,,,,,,,,,
967,Korneli,m,pl,,,,,,,,,,,,,,
968,Krystyn,m,s,,,,,,,,,,,,,,
969,Krystyn,m,pl,,,,,,,,,,,,,,
970,Lambert,m,s,,,,,,,,,,,,,,
971,Lambert,m,pl,,,,,,,,,,,,,,
972,Laurencjusz,m,s,,,,,,,,,,,,,,
973,Laurencjusz,m,pl,,,,,,,,,,,,,,
974,Lechosław,m,s,,,,,,,,,,,,,,
975,Lechosław,m,pl,,,,,,,,,,,,,,
976,Lenart,m,s,,,,,,,,,,,,,,
977,Lenart,m,pl,,,,,,,,,,,,,,
978,Leo,m,s,,,,,,,,,,,,,,
979,Leo,m,pl,,,,,,,,,,,,,,
980,Leokadiusz,m,s,,,,,,,,,,,,,,
981,Leokadiusz,m,pl,,,,,,,,,,,,,,
982,Leszek,m,s,,,,,,,,,,,,,,
983,Leszek,m,pl,,,,,,,,,,,,,,
984,Longin,m,s,,,,,,,,,,,,,,
985,Longin,m,pl,,,,,,,,,,,,,,
986,Lubisław,m,s,,,,,,,,,,,,,,
987,Lubisław,m,pl,,,,,,,,,,,,,,
988,Lubogost,m,s,,,,,,,,,,,,,,
989,Lubogost,m,pl,,,,,,,,,,,,,,
990,Lubomił,m,s,,,,,,,,,,,,,,
991,Lubomił,m,pl,,,,,,,,,,,,,,
992,Luborad,m,s,,,,,,,,,,,,,,
993,Luborad,m,pl,,,,,,,,,,,,,,
994,Lubosław,m,s,,,,,,,,,,,,,,
995,Lubosław,m,pl,,,,,,,,,,,,,,
996,Lucjan,m,s,,,,,,,,,,,,,,
997,Lucjan,m,pl,,,,,,,,,,,,,,
998,Ludmił,m,s,,,,,,,,,,,,,,
999,Ludmił,m,pl,,,,,,,,,,,,,,
1000,Ludolf,m,s,,,,,,,,,,,,,,
1001,Ludolf,m,pl,,,,,,,,,,,,,,
1002,Ludomir,m,s,,,,,,,,,,,,,,
1003,Ludomir,m,pl,,,,,,,,,,,,,,
1004,Ludomił,m,s,,,,,,,,,,,,,,
1005,Ludomił,m,pl,,,,,,,,,,,,,,
1006,Ludowit,m,s,,,,,,,,,,,,,,
1007,Ludowit,m,pl,,,,,,,,,,,,,,
1008,Machut,m,s,,,,,,,,,,,,,,
1009,Machut,m,pl,,,,,,,,,,,,,,
1010,Makary,m,s,,,,,,,,,,,,,,
1011,Makary,m,pl,,,,,,,,,,,,,,
1012,Makryn,m,s,,,,,,,,,,,,,,
1013,Makryn,m,pl,,,,,,,,,,,,,,
1014,Mamert,m,s,,,,,,,,,,,,,,
1015,Mamert,m,pl,,,,,,,,,,,,,,
1016,Manfred,m,s,,,,,,,,,,,,,,
1017,Manfred,m,pl,,,,,,,,,,,,,,
1018,Marcjan,m,s,,,,,,,,,,,,,,
1019,Marcjan,m,pl,,,,,,,,,,,,,,
1020,Marin,m,s,,,,,,,,,,,,,,
1021,Marin,m,pl,,,,,,,,,,,,,,
1022,Maryn,m,s,,,,,,,,,,,,,,
1023,Maryn,m,pl,,,,,,,,,,,,,,
1024,Mieszko,m,s,,,,,,,,,,,,,,
1025,Mieszko,m,pl,,,,,,,,,,,,,,
1026,Milan,m,s,,,,,,,,,,,,,,
1027,Milan,m,pl,,,,,,,,,,,,,,
1028,Mirod,m,s,,,,,,,,,,,,,,
1029,Mirod,m,pl,,,,,,,,,,,,,,
1030,Miron,m,s,,,,,,,,,,,,,,
1031,Miron,m,pl,,,,,,,,,,,,,,
1032,Mirosz,m,s,,,,,,,,,,,,,,
1033,Mirosz,m,pl,,,,,,,,,,,,,,
1034,Miroład,m,s,,,,,,,,,,,,,,
1035,Miroład,m,pl,,,,,,,,,,,,,,
1036,Miłobąd,m,s,,,,,,,,,,,,,,
1037,Miłobąd,m,pl,,,,,,,,,,,,,,
1038,Miłogost,m,s,,,,,,,,,,,,,,
1039,Miłogost,m,pl,,,,,,,,,,,,,,
1040,Miłomir,m,s,,,,,,,,,,,,,,
1041,Miłomir,m,pl,,,,,,,,,,,,,,
1042,Miłorad,m,s,,,,,,,,,,,,,,
1043,Miłorad,m,pl,,,,,,,,,,,,,,
1044,Miłosław,m,s,,,,,,,,,,,,,,
1045,Miłosław,m,pl,,,,,,,,,,,,,,
1046,Miłowan,m,s,,,,,,,,,,,,,,
1047,Miłowan,m,pl,,,,,,,,,,,,,,
1048,Miłowit,m,s,,,,,,,,,,,,,,
1049,Miłowit,m,pl,,,,,,,,,,,,,,
1050,Mojmierz,m,s,,,,,,,,,,,,,,
1051,Mojmierz,m,pl,,,,,,,,,,,,,,
1052,Murat,m,s,,,,,,,,,,,,,,
1053,Murat,m,pl,,,,,,,,,,,,,,
1054,Myślimir,m,s,,,,,,,,,,,,,,
1055,Myślimir,m,pl,,,,,,,,,,,,,,
1056,Mściwoj,m,s,,,,,,,,,,,,,,
1057,Mściwoj,m,pl,,,,,,,,,,,,,,
1058,Nasif,m,s,,,,,,,,,,,,,,
1059,Nasif,m,pl,,,,,,,,,,,,,,
1060,Nataniel,m,s,,,,,,,,,,,,,,
1061,Nataniel,m,pl,,,,,,,,,,,,,,
1062,Nicefor,m,s,,,,,,,,,,,,,,
1063,Nicefor,m,pl,,,,,,,,,,,,,,
1064,Niecisław,m,s,,,,,,,,,,,,,,
1065,Niecisław,m,pl,,,,,,,,,,,,,,
1066,Nikolas,m,s,,,,,,,,,,,,,,
1067,Nikolas,m,pl,,,,,,,,,,,,,,
1068,Norman,m,s,,,,,,,,,,,,,,
1069,Norman,m,pl,,,,,,,,,,,,,,
1070,Odo,m,s,,,,,,,,,,,,,,
1071,Odo,m,pl,,,,,,,,,,,,,,
1072,Odon,m,s,,,,,,,,,,,,,,
1073,Odon,m,pl,,,,,,,,,,,,,,
1074,Oktawiusz,m,s,,,,,,,,,,,,,,
1075,Oktawiusz,m,pl,,,,,,,,,,,,,,
1076,Oleg,m,s,,,,,,,,,,,,,,
1077,Oleg,m,pl,,,,,,,,,,,,,,
1078,Olek,m,s,,,,,,,,,,,,,,
1079,Olek,m,pl,,,,,,,,,,,,,,
1080,Onufry,m,s,,,,,,,,,,,,,,
1081,Onufry,m,pl,,,,,,,,,,,,,,
1082,Orian,m,s,,,,,,,,,,,,,,
1083,Orian,m,pl,,,,,,,,,,,,,,
1084,Oswald,m,s,,,,,,,,,,,,,,
1085,Oswald,m,pl,,,,,,,,,,,,,,
1086,Otniel,m,s,,,,,,,,,,,,,,
1087,Otniel,m,pl,,,,,,,,,,,,,,
1088,Otokar,m,s,,,,,,,,,,,,,,
1089,Otokar,m,pl,,,,,,,,,,,,,,
1090,Pabian,m,s,,,,,,,,,,,,,,
1091,Pabian,m,pl,,,,,,,,,,,,,,
1092,Paskal,m,s,,,,,,,,,,,,,,
1093,Paskal,m,pl,,,,,,,,,,,,,,
1094,Patrycjusz,m,s,,,,,,,,,,,,,,
1095,Patrycjusz,m,pl,,,,,,,,,,,,,,
1096,Placyd,m,s,,,,,,,,,,,,,,
1097,Placyd,m,pl,,,,,,,,,,,,,,
1098,Protazy,m,s,,,,,,,,,,,,,,
1099,Protazy,m,pl,,,,,,,,,,,,,,
1100,Przedpełk,m,s,,,,,,,,,,,,,,
1101,Przedpełk,m,pl,,,,,,,,,,,,,,
1102,Przybysław,m,s,,,,,,,,,,,,,,
1103,Przybysław,m,pl,,,,,,,,,,,,,,
1104,Radogost,m,s,,,,,,,,,,,,,,
1105,Radogost,m,pl,,,,,,,,,,,,,,
1106,Radomir,m,s,,,,,,,,,,,,,,
1107,Radomir,m,pl,,,,,,,,,,,,,,
1108,Radowit,m,s,,,,,,,,,,,,,,
1109,Radowit,m,pl,,,,,,,,,,,,,,
1110,Rajner,m,s,,,,,,,,,,,,,,
1111,Rajner,m,pl,,,,,,,,,,,,,,
1112,Renat,m,s,,,,,,,,,,,,,,
1113,Renat,m,pl,,,,,,,,,,,,,,
1114,Roderyk,m,s,,,,,,,,,,,,,,
1115,Roderyk,m,pl,,,,,,,,,,,,,,
1116,Rosłan,m,s,,,,,,,,,,,,,,
1117,Rosłan,m,pl,,,,,,,,,,,,,,
1118,Samir,m,s,,,,,,,,,,,,,,
1119,Samir,m,pl,,,,,,,,,,,,,,
1120,Sebastian,m,pl,,,,,,,,,,,,,,
1121,Serwacy,m,s,,,,,,,,,,,,,,
1122,Serwacy,m,pl,,,,,,,,,,,,,,
1123,Siemowit,m,s,,,,,,,,,,,,,,
1124,Siemowit,m,pl,,,,,,,,,,,,,,
1125,Sobiesław,m,s,,,,,,,,,,,,,,
1126,Sobiesław,m,pl,,,,,,,,,,,,,,
1127,Stanisław,m,s,,,,,,,,,,,,,,
1128,Stanisław,m,pl,,,,,,,,,,,,,,
1129,Stoigniew,m,s,,,,,,,,,,,,,,
1130,Stoigniew,m,pl,,,,,,,,,,,,,,
1131,Stoisław,m,s,,,,,,,,,,,,,,
1132,Stoisław,m,pl,,,,,,,,,,,,,,
1133,Stojan,m,s,,,,,,,,,,,,,,
1134,Stojan,m,pl,,,,,,,,,,,,,,
1135,Strzeżymir,m,s,,,,,,,,,,,,,,
1136,Strzeżymir,m,pl,,,,,,,,,,,,,,
1137,Subisław,m,s,,,,,,,,,,,,,,
1138,Subisław,m,pl,,,,,,,,,,,,,,
1139,Sulibor,m,s,,,,,,,,,,,,,,
1140,Sulibor,m,pl,,,,,,,,,,,,,,
1141,Sulisław,m,s,,,,,,,,,,,,,,
1142,Sulisław,m,pl,,,,,,,,,,,,,,
1143,Sylwiusz,m,s,,,,,,,,,,,,,,
1144,Sylwiusz,m,pl,,,,,,,,,,,,,,
1145,Symeon,m,s,,,,,,,,,,,,,,
1146,Symeon,m,pl,,,,,,,,,,,,,,
1147,Sędomir,m,s,,,,,,,,,,,,,,
1148,Sędomir,m,pl,,,,,,,,,,,,,,
1149,Sędzisław,m,s,,,,,,,,,,,,,,
1150,Sędzisław,m,pl,,,,,,,,,,,,,,
1151,Sław,m,s,,,,,,,,,,,,,,
1152,Sław,m,pl,,,,,,,,,,,,,,
1153,Sławek,m,s,,,,,,,,,,,,,,
1154,Sławek,m,pl,,,,,,,,,,,,,,
1155,Sławomierz,m,s,,,,,,,,,,,,,,
1156,Sławomierz,m,pl,,,,,,,,,,,,,,
1157,Tarik,m,s,,,,,,,,,,,,,,
1158,Tarik,m,pl,,,,,,,,,,,,,,
1159,Teobald,m,s,,,,,,,,,,,,,,
1160,Teobald,m,pl,,,,,,,,,,,,,,
1161,Teodozjusz,m,s,,,,,,,,,,,,,,
1162,Teodozjusz,m,pl,,,,,,,,,,,,,,
1163,Tulimierz,m,s,,,,,,,,,,,,,,
1164,Tulimierz,m,pl,,,,,,,,,,,,,,
1165,Tulimir,m,s,,,,,,,,,,,,,,
1166,Tulimir,m,pl,,,,,,,,,,,,,,
1167,Tyberiusz,m,s,,,,,,,,,,,,,,
1168,Tyberiusz,m,pl,,,,,,,,,,,,,,
1169,Tęgomir,m,s,,,,,,,,,,,,,,
1170,Tęgomir,m,pl,,,,,,,,,,,,,,
1171,Walentyn,m,s,,,,,,,,,,,,,,
1172,Walentyn,m,pl,,,,,,,,,,,,,,
1173,Walery,m,s,,,,,,,,,,,,,,
1174,Walery,m,pl,,,,,,,,,,,,,,
1175,Walter,m,s,,,,,,,,,,,,,,
1176,Walter,m,pl,,,,,,,,,,,,,,
1177,Wandelin,m,s,,,,,,,,,,,,,,
1178,Wandelin,m,pl,,,,,,,,,,,,,,
1179,Wenancjusz,m,s,,,,,,,,,,,,,,
1180,Wenancjusz,m,pl,,,,,,,,,,,,,,
1181,Wespazjan,m,s,,,,,,,,,,,,,,
1182,Wespazjan,m,pl,,,,,,,,,,,,,,
1183,Wielisław,m,s,,,,,,,,,,,,,,
1184,Wielisław,m,pl,,,,,,,,,,,,,,
1185,Wirgiliusz,m,s,,,,,,,,,,,,,,
1186,Wirgiliusz,m,pl,,,,,,,,,,,,,,
1187,Wirginiusz,m,s,,,,,,,,,,,,,,
1188,Wirginiusz,m,pl,,,,,,,,,,,,,,
1189,Wisław,m,s,,,,,,,,,,,,,,
1190,Wisław,m,pl,,,,,,,,,,,,,,
1191,Witold,m,s,,,,,,,,,,,,,,
1192,Witold,m,pl,,,,,,,,,,,,,,
1193,Witołd,m,s,,,,,,,,,,,,,,
1194,Witołd,m,pl,,,,,,,,,,,,,,
1195,Więcesław,m,s,,,,,,,,,,,,,,
1196,Więcesław,m,pl,,,,,,,,,,,,,,
1197,Wolimir,m,s,,,,,,,,,,,,,,
1198,Wolimir,m,pl,,,,,,,,,,,,,,
1199,Wszebor,m,s,,,,,,,,,,,,,,
1200,Wszebor,m,pl,,,,,,,,,,,,,,
1201,Zenobiusz,m,s,,,,,,,,,,,,,,
1202,Zenobiusz,m,pl,,,,,,,,,,,,,,
1203,Zwinisław,m,s,,,,,,,,,,,,,,
1204,Zwinisław,m,pl,,,,,,,,,,,,,,
1205,Ładysław,m,s,,,,,,,,,,,,,,
1206,Ładysław,m,pl,,,,,,,,,,,,,,
1207,Świętibor,m,s,,,,,,,,,,,,,,
1208,Świętibor,m,pl,,,,,,,,,,,,,,
1209,Świętomir,m,s,,,,,,,,,,,,,,
1210,Świętomir,m,pl,,,,,,,,,,,,,,
1211,Świętosław,m,s,,,,,,,,,,,,,,
1212,Świętosław,m,pl,,,,,,,,,,,,,,
1213,Żarek,m,s,,,,,,,,,,,,,,
1214,Żarek,m,pl,,,,,,,,,,,,,,
1215,Żarko,m,s,,,,,,,,,,,,,,
1216,Żarko,m,pl,,,,,,,,,,,,,,
1217,Żelisław,m,s,,,,,,,,,,,,,,
1218,Żelisław,m,pl,,,,,,,,,,,,,,
1219,Żytomir,m,s,,,,,,,,,,,,,,
1220,Żytomir,m,pl,,,,,,,,,,,,,,
